{
  "TRESPASS": 5849,
  "BRIBERY": 236,
  "DISORDERLY CONDUCT": 3446,
  "KIDNAPPING": 1893,
  "ROBBERY": 18355,
  "TREA": 5,
  "OTHER OFFENSES": 100791,
  "SUSPICIOUS OCC": 25198,
  "ARSON": 1196,
  "FRAUD": 13386,
  "MISSING PERSON": 20903,
  "DRUG/NARCOTIC": 43305,
  "RUNAWAY": 1543,
  "STOLEN PROPERTY": 3668,
  "SUICIDE": 398,
  "FAMILY OFFENSES": 403,
  "PORNOGRAPHY/OBSCENE MAT": 18,
  "RECOVERED VEHICLE": 2488,
  "ASSAULT": 61490,
  "SECONDARY CODES": 8026,
  "WARRANTS": 33705,
  "list": [
    "LARCENY/THEFT",
    "OTHER OFFENSES",
    "NON-CRIMINAL",
    "ASSAULT",
    "DRUG/NARCOTIC",
    "VEHICLE THEFT",
    "VANDALISM",
    "WARRANTS",
    "BURGLARY",
    "SUSPICIOUS OCC",
    "MISSING PERSON",
    "ROBBERY",
    "FRAUD",
    "FORGERY/COUNTERFEITING",
    "SECONDARY CODES",
    "WEAPON LAWS",
    "PROSTITUTION",
    "TRESPASS",
    "STOLEN PROPERTY",
    "SEX OFFENSES FORCIBLE",
    "DISORDERLY CONDUCT",
    "DRUNKENNESS",
    "RECOVERED VEHICLE",
    "KIDNAPPING",
    "DRIVING UNDER THE INFLUENCE",
    "RUNAWAY",
    "LIQUOR LAWS",
    "ARSON",
    "LOITERING",
    "EMBEZZLEMENT",
    "SUICIDE",
    "FAMILY OFFENSES",
    "BAD CHECKS",
    "BRIBERY",
    "EXTORTION",
    "SEX OFFENSES NON FORCIBLE",
    "GAMBLING",
    "PORNOGRAPHY/OBSCENE MAT",
    "TREA"
  ],
  "LIQUOR LAWS": 1516,
  "VANDALISM": 35717,
  "FORGERY/COUNTERFEITING": 8528,
  "SEX OFFENSES NON FORCIBLE": 119,
  "VEHICLE THEFT": 42813,
  "NON-CRIMINAL": 74015,
  "SEX OFFENSES FORCIBLE": 3535,
  "LARCENY/THEFT": 139810,
  "DRIVING UNDER THE INFLUENCE": 1815,
  "WEAPON LAWS": 6779,
  "BURGLARY": 29468,
  "EMBEZZLEMENT": 922,
  "LOITERING": 967,
  "GAMBLING": 117,
  "EXTORTION": 203,
  "DRUNKENNESS": 3468,
  "BAD CHECKS": 325,
  "PROSTITUTION": 6020
}