{
  "WARRANTS": 33772,
  "DRUG/NARCOTIC": 43040,
  "FORGERY/COUNTERFEITING": 8444,
  "BRIBERY": 228,
  "PORNOGRAPHY/OBSCENE MAT": 18,
  "DISORDERLY CONDUCT": 3478,
  "NON-CRIMINAL": 73568,
  "MISSING PERSON": 20782,
  "LARCENY/THEFT": 139834,
  "WEAPON LAWS": 6860,
  "RUNAWAY": 1528,
  "DRUNKENNESS": 3449,
  "SEX OFFENSES NON FORCIBLE": 119,
  "STOLEN PROPERTY": 3653,
  "GAMBLING": 119,
  "BURGLARY": 29435,
  "SECONDARY CODES": 8061,
  "VEHICLE THEFT": 42860,
  "EMBEZZLEMENT": 952,
  "ROBBERY": 18424,
  "LOITERING": 1002,
  "DRIVING UNDER THE INFLUENCE": 1821,
  "TREA": 6,
  "FRAUD": 13361,
  "SUSPICIOUS OCC": 25304,
  "VANDALISM": 35879,
  "EXTORTION": 191,
  "LIQUOR LAWS": 1521,
  "BAD CHECKS": 321,
  "OTHER OFFENSES": 100937,
  "ARSON": 1212,
  "RECOVERED VEHICLE": 2535,
  "KIDNAPPING": 1865,
  "ASSAULT": 61651,
  "SEX OFFENSES FORCIBLE": 3492,
  "TRESPASS": 5932,
  "PROSTITUTION": 5991,
  "FAMILY OFFENSES": 394,
  "SUICIDE": 400
}